,0,1,FPR_actual,size
0,169,3288,3.4508748610913924e-06,9000
1,169,3288,3.4508748610913924e-06,10500
2,169,3288,3.4508748610913924e-06,12000
3,169,3288,3.4508748610913924e-06,13500
4,169,3288,3.4508748610913924e-06,15000
5,169,3288,3.4508748610913924e-06,16500
6,169,3288,3.4508748610913924e-06,18000
7,169,3288,3.4508748610913924e-06,19500
8,169,3288,3.4508748610913924e-06,21000
9,169,3288,3.4508748610913924e-06,22500
10,169,3288,3.4508748610913924e-06,24000
