,size,false_positive_rating,model_FP,bloom_FP
0,9000,8.293627708386034e-05,2826921,0
1,10500,8.293627708386034e-05,2826921,0
2,12000,8.293627708386034e-05,2826921,0
3,13500,8.293627708386034e-05,2826921,0
4,15000,8.293627708386034e-05,2826921,0
5,16500,8.293627708386034e-05,2826921,0
6,18000,8.293627708386034e-05,2826921,0
7,19500,8.293627708386034e-05,2826921,0
8,21000,8.293627708386034e-05,2826921,0
9,22500,8.293627708386034e-05,2826921,0
10,24000,8.293627708386034e-05,2826921,0
