,size,false_positive_rating
0,2200,9.930586957480807e-05
1,4200,9.930586957480807e-05
2,6200,8.804223604815534e-05
3,8200,1.3070337289267132e-05
4,10200,2.4500506469183726e-06
5,12200,4.101414372825654e-07
6,14200,3.3206349536187375e-08
7,16200,3.3206349536187375e-08
8,18200,3.3206349536187375e-08
9,20200,3.3206349536187375e-08
10,22200,3.3206349536187375e-08
11,24200,3.3206349536187375e-08
12,26200,3.3206349536187375e-08
13,28200,3.3206349536187375e-08
