,memory,false_positive_rating
0,150000,0.003253909029380629
1,200000,0.002183734504162111
2,250000,0.0013391643383139835
3,300000,0.00115983779625034
4,350000,0.001000757799258398
5,400000,0.000974726527023353
6,450000,0.0009053098010632329
7,500000,0.000789615257796366
