,memory,false_positive_rating
0,150000,0.0031006137595520305
1,200000,0.0024990021345643234
2,250000,0.0018366508743615107
3,300000,0.0016457548779711805
4,350000,0.0014924596081425819
5,400000,0.0011077752517802497
6,450000,0.0009515876183699796
7,500000,0.0008590319837564861
