,memory,false_positive_rating
0,100000,0.0022271199578871863
1,150000,0.0018308661471981675
2,200000,0.001553199243357687
3,250000,0.00117719197774037
4,300000,0.000966049436278338
5,350000,0.0007867228942146944
6,400000,0.0007346603497446043
7,450000,0.0007491221676529627
8,500000,0.000728875622581261
