,memory,false_positive_rating,false_positive_target,t_val
0,0,1.0,0.2,0
1,174,0.27821,0.1,0
2,202,0.27821,0.08,0
3,202,0.27821,0.06,0
4,924,0.27821,0.04,0
5,924,0.27821,0.03,0
6,4415,0.248025,0.02,0
7,7503,0.233515,0.01,0
