,memory,false_positive_rating,false_positive_target,t_val
0,790,0.7371853831514037,0.8,0.083984375
1,790,0.7348454610138313,0.7000000000000001,0.0859375
2,1509,0.6984537424292383,0.6000000000000001,0.0908203125
3,1509,0.6991479096888396,0.5000000000000001,0.08984375
4,15602,0.24554720626601648,0.40000000000000013,0.09375
5,15602,0.24520590736337922,0.30000000000000016,0.09375
6,17129,0.23055897818579388,0.20000000000000015,0.10546875
