,memory,false_positive_rating
0,100000,0.004801323545574973
1,150000,0.0012668552487721918
2,200000,0.0008850632559915312
3,250000,0.0008214312571947544
4,300000,0.0007404450769079476
5,350000,0.0007173061682545742
6,400000,0.0006999519867645443
7,450000,0.000685490168856186
8,500000,0.0006536741694577975
