,memory,false_positive_rating
0,1000,0.000913
1,6000,0.000913
2,11000,0.000913
3,16000,0.000351
4,21000,0.000114
5,26000,4.7e-05
6,31000,2.5e-05
7,36000,1.75e-05
8,41000,1.75e-05
9,46000,1.7e-05
10,51000,1.5e-05
11,56000,1.5e-05
12,61000,1.55e-05
13,66000,1.5e-05
