,memory,false_positive_rating
0,10000,0.044045
1,30000,0.032995
2,50000,0.03285
3,70000,0.032835
4,90000,0.032835
5,110000,0.032835
6,130000,0.032835
7,150000,0.032835
8,170000,0.032835
9,190000,0.032835
