,memory,false_positive_rating
0,100000,0.005601565738857127
1,200000,0.005601565738857127
2,300000,0.005601565738857127
3,400000,0.005601565738857127
4,500000,0.005601565738857127
5,600000,0.005601565738857127
6,700000,0.0008484299225807695
7,800000,0.0002699549753666085
8,900000,0.00021210748064519238
9,1000000,0.00020246623152495637
