,memory,false_positive_rating
0,5000,0.000913
1,15000,0.000408
2,25000,5.7e-05
3,35000,1.85e-05
4,45000,1.5e-05
5,55000,1.5e-05
6,65000,1.5e-05
