,memory,false_positive_rating
0,150000,0.5020882865059669
1,200000,0.40684275376151885
2,250000,0.3414869062700658
3,300000,0.29499505405827536
4,350000,0.20410831323140644
5,400000,0.16423708125806247
6,450000,0.13730339158553587
7,500000,0.1014959304444406
