,memory,false_positive_rating
0,1000,1.0
1,6000,0.8171145
2,11000,0.5998925
3,16000,0.466532
4,21000,0.3773075
5,26000,0.3180735
6,31000,0.2241305
7,36000,0.180392
8,41000,0.1495635
9,46000,0.1104255
10,51000,0.08871
11,56000,0.070948
12,61000,0.054231
13,66000,0.0426015
