,memory,false_positive_rating
0,150000,0.5020882865059669
1,200000,0.40684275376151885
2,250000,0.3414869062700658
3,300000,0.29499505405827536