,memory,false_positive_rating
0,100000,0.6492430684506765
1,150000,0.5020882865059669
2,200000,0.40684275376151885
3,250000,0.3414869062700658
4,300000,0.29499505405827536
5,350000,0.20410831323140644
6,400000,0.16423708125806247
7,450000,0.13730339158553587
8,500000,0.1014959304444406
