,memory,false_positive_rating
0,10000,0.16946
1,30000,0.01954
2,50000,0.01085
3,70000,0.006425
4,90000,0.00444
5,110000,0.003165
6,130000,0.00226
7,150000,0.001775
8,170000,0.00142
9,190000,0.000945
