,memory,false_positive_rating
0,10000,0.031945
1,30000,0.031945
2,50000,0.031945
3,70000,0.031945
4,90000,0.031945
5,110000,0.031945
6,130000,0.031945
7,150000,0.031945
8,170000,0.031945
9,190000,0.031945
