,memory,false_positive_rating
0,100,1.0
1,300,0.94616
2,500,0.659695
3,700,0.43055
4,900,0.232935
5,1100,0.15007
6,1300,0.102925
7,1500,0.065675
8,1700,0.051915
9,1900,0.043885
10,2100,0.034705
11,2300,0.02924
12,2500,0.02472
13,2700,0.023245
14,2900,0.02096
