,memory,false_positive_rating
0,150000,0.0012668552487721918
1,200000,0.0008850632559915312
2,250000,0.0008214312571947544
3,300000,0.0007404450769079476
4,350000,0.0007173061682545742
5,400000,0.0006999519867645443
6,450000,0.000685490168856186
7,500000,0.0006536741694577975
