,memory,false_positive_rating
0,10000,0.00022630831619147544
1,20000,3.328665021252836e-05
2,30000,4.448446341766463e-06
3,40000,2.9144993273642343e-06
4,50000,2.7099730587772702e-06
5,60000,1.8918679844294152e-06
