,memory,false_positive_rating
0,150000,0.000992080708513383
1,200000,0.0007693687127246643
2,250000,0.0006739207145294992
3,300000,0.0006218581700594091
4,350000,0.0006160734428960658
