,size,false_positive_rating
0,3800,0.59760678067355
1,4300,0.5508514498974292
2,4800,0.5175994142756646
3,5300,0.47529815754406546
4,5800,0.44764929991420266
5,6300,0.42633189789425824
6,6800,0.40021140986359305
7,7300,0.38183995500506085
8,7800,0.3659137544076687
9,8300,0.33873201996233754
10,8800,0.32552871707039094
11,9300,0.31427530384850505
12,9800,0.2997497054514225
13,10300,0.2355037496944169
14,10800,0.22759303403888925
