,size,false_positive_rating
0,3800,3.208120610662067e-07
1,4300,0.0
2,4800,0.0
3,5300,0.0
4,5800,5.8329465648401224e-06
5,6300,0.0
6,6800,0.0
7,7300,0.0
8,7800,0.0
9,8300,0.0
10,8800,0.0
11,9300,0.0
12,9800,0.0
13,10300,0.0
14,10800,0.0
