,size,false_positive_rating
0,12520,0.9996022488658898
1,13520,0.9995574693643114
2,14520,0.9995105690908581
3,15520,0.9988067419313119
4,16520,0.9977177264921334
5,17520,0.9975238501685867
6,18520,0.9965285637060606
7,19520,0.9949501706125422
8,20520,0.9937034243072378
9,21520,0.9926008360680492
10,22520,0.9900842486054886
11,23520,0.9875778620040258
12,24520,0.9852361619116382
