,size,false_positive_rating,num_regions,optimal_c,model_FP,bloom_FP
0,2229,0.0004588163890980826,10,2.1,617818,133228424
1,6229,1.2804994677302436e-05,12,2.4000000000000004,2186,3733304
2,10229,7.087757465134625e-07,12,2.5000000000000004,962,205803
3,14229,3.474446030003386e-07,12,2.5000000000000004,962,100395
4,18229,9.773025673154941e-09,12,2.5000000000000004,962,1889
5,22229,1.5703342900288597e-08,12,2.5000000000000004,962,3619
6,26229,1.144928297030428e-08,12,2.5000000000000004,962,2378
7,28653,6.485641730483742e-09,12,2.5000000000000004,962,930
8,30653,7.586006950084843e-09,12,2.5000000000000004,962,1251
