,size,false_positive_rating,model_FP,bloom_FP
0,2802,0.0010498526612348488,40713845,80784
1,4302,0.0010477736792839356,40713845,0
2,5802,0.0010477736792839356,40713845,0
3,7302,0.0010477736792839356,40713845,0
4,8802,0.0010477736792839356,40713845,0
5,10302,0.0010477736792839356,40713845,0
6,11802,0.0010477736792839356,40713845,0
7,13302,0.0010477736792839356,40713845,0
8,14802,0.0010477736792839356,40713845,0
9,16302,0.0010477736792839356,40713845,0
10,17802,0.0010477736792839356,40713845,0
