,0,1,FPR_actual,size,6,5,3,4,2,7
0,38898189770,4277,0.001588418853559416,2802,,,,,,
1,38809087657,69242897,0.00018121210888421248,4302,536542.0,947975.0,6851170.0,2805082.0,8718447.0,4277.0
2,38809087657,77961344,2.8526443172833542e-05,5802,4277.0,536542.0,2805082.0,947975.0,6851170.0,
3,38809087657,77961344,1.5509050769896533e-05,7302,4277.0,536542.0,2805082.0,947975.0,6851170.0,
4,38809087657,69242897,5.926856785962973e-06,8802,536542.0,947975.0,6851170.0,2805082.0,8718447.0,4277.0
5,38853057424,43647829,5.195845904270727e-06,10302,,,536542.0,4277.0,947975.0,
6,38853057424,43647829,2.6772968257849086e-06,11802,,,536542.0,4277.0,947975.0,
7,38853057424,44595804,1.099537028661064e-07,13302,,,4277.0,,536542.0,
8,38897653228,536542,1.099537028661064e-07,14802,,,,,4277.0,
9,38853057424,44595804,1.099537028661064e-07,16302,,,4277.0,,536542.0,
10,38898189770,4277,1.099537028661064e-07,17802,,,,,,
