,0,1,2,FPR_actual,size
0,34287957779,29909,27.0,2.9464546277633392e-06,521
1,34287987688,27,,7.874477862534165e-10,1021
2,34287987688,27,,7.874477862534165e-10,1521
3,34287987688,27,,7.874477862534165e-10,2021
4,34287987688,27,,7.874477862534165e-10,2521
5,34287987688,27,,7.874477862534165e-10,3021
