,0,1,2,3,4,5,6,7,FPR_actual,size
0,34246096576,36678101,2791739,2220790,100705,69868.0,29909.0,27.0,0.00021736376213785113,12520
1,34246096576,36678101,2791739,2220790,100705,69868.0,29909.0,27.0,0.0001607753435448562,13520
2,34272217528,13348888,2321495,69868,29909,27.0,,,0.00018810471056769705,14520
3,34272217528,13348888,2220790,100705,69868,29909.0,27.0,,0.00016455777607429244,15520
4,34246096576,36678101,2791739,2220790,100705,69868.0,29909.0,27.0,7.355193961652708e-05,16520
5,34272217528,13348888,2220790,100705,69868,29909.0,27.0,,8.600656378070501e-05,17520
6,34272217528,13348888,2220790,100705,69868,29909.0,27.0,,5.6136073586891564e-05,18520
7,34272217528,13348888,2321495,69868,29909,27.0,,,8.789145129840026e-05,19520
8,34272217528,13348888,2220790,100705,69868,29909.0,27.0,,4.650185407521078e-05,20520
9,34276823058,11064853,69868,29909,27,,,,8.088547001463798e-05,21520
10,34246096576,36678101,2791739,2220790,100705,69868.0,29909.0,27.0,3.8262962876038234e-05,22520
11,34272217528,13348888,2220790,100705,69868,29909.0,27.0,,3.113241901838378e-05,23520
12,34272217528,13348888,2220790,100705,69868,29909.0,27.0,,3.4240912901718376e-05,24520
