,size,false_positive_rating,model_FP,bloom_FP
0,521,2.9464546277633392e-06,27,101001
1,1021,7.874477862534165e-10,27,0
2,1521,7.874477862534165e-10,27,0
3,2021,7.874477862534165e-10,27,0
4,2521,7.874477862534165e-10,27,0
5,3021,7.874477862534165e-10,27,0
