,size,false_positive_rating
0,521,0.484746185549081
1,1021,0.24103746643564147
2,1521,0.12677851185470188
3,2021,0.059711331152406184
4,2521,0.03218213026007554
5,3021,0.014899879580174424
